1,Gary,Ablett,9,,Gold Coast,Australian,English
2,Leigh,Adams,13,,North Melbourne,,
3,Taylor,Adams,11,,GWS,,
4,Jed,Adcock,7,,Brisbane,,
5,Dylan,Addison,22,,Western Bulldogs,,
6,Jackson,Allen,31,,Gold Coast,,
7,Jed,Anderson,37,,Hawthorn,,
8,Liam,Anthony,4,,North Melbourne,,
9,Dennis,Armfield,27,,Carlton,,
10,David,Armitage,20,,St Kilda,,
11,Tony,Armstrong,19,,Sydney,,
12,Matthew,Arnot,44,,Richmond,,
13,David,Astbury,12,,Richmond,,
14,Shaun,Atley,18,,North Melbourne,,
15,Mark,Austin,47,,Western Bulldogs,,
16,Mark,Baguley,46,,Essendon,,
17,Rohan,Bail,44,,Melbourne,,
18,Max,Bailey,39,,Hawthorn,,
19,Luke,Ball,12,,Collingwood,,
20,Hayden,Ballantyne,1,,Fremantle,,
21,Michael,Barlow,21,,Fremantle,,
22,Jimmy,Bartel,3,,Geelong,,
23,Ryan,Bastinac,3,,North Melbourne,,
24,Jake,Batchelor,11,,Richmond,,
25,Dayne,Beams,17,,Collingwood,,
26,Claye,Beams,17,,Brisbane,,
27,Tom,Bell,28,,Carlton,,
28,Tom,Bellchambers,2,,Essendon,,
29,Harley,Bennell,11,,Gold Coast,,
30,Eddie,Betts,19,,Carlton,,
31,Rohan,Bewick,8,,Brisbane,,
32,Grant,Birchall,14,,Hawthorn,,
33,Craig,Bird,14,,Sydney,,
34,Aaron,Black,35,,North Melbourne,,
35,Simon,Black,20,,Brisbane,,
36,Jarryd,Blair,11,,Collingwood,,
37,Jason,Blake,27,,St Kilda,,
38,Sam,Blease,17,,Melbourne,,
39,Mark,Blicavs,46,,Geelong,,
40,Travis,Boak,1,,Port Adelaide,,
41,Nathan,Bock,44,,Gold Coast,,
42,Jude,Bolton,24,,Sydney,,
43,Josh,Bootsma,21,,Carlton,,
44,Andrew,Boston,40,,Gold Coast,,
45,Matthew,Boyd,5,,Western Bulldogs,,
46,Kepler,Bradley,26,,Fremantle,,
47,Jared,Brennan,3,,Gold Coast,,
48,Jacob,Brennan,14,,West Coast,,
49,Luke,Breust,22,,Hawthorn,,
50,Matthew,Broadbent,5,,Port Adelaide,,
51,Dean,Brogan,50,,GWS,,
52,Greg,Broughton,36,,Gold Coast,,
53,Jonathan,Brown,16,,Brisbane,,
54,Campbell,Brown,30,,Gold Coast,,
55,Nathan,Brown,16,,Collingwood,,
56,Luke,Brown,16,,Adelaide,,
57,Mitch,Brown,1,,Geelong,,
58,Mitch,Brown,1,,West Coast,,
59,Josh,Bruce,47,,GWS,,
60,Dylan,Buckley,7,,Carlton,,
61,Tomas,Bugg,14,,GWS,,
62,Matthew,Buntine,21,,GWS,,
63,George,Burbury,43,,Geelong,,
64,Shaun,Burgoyne,9,,Hawthorn,,
65,John,Butcher,11,,Port Adelaide,,
66,Sam,Butler,26,,West Coast,,
67,Shannon,Byrnes,10,,Melbourne,,
68,Jaryd,Cachia,37,,Carlton,,
69,Josh,Caddy,23,,Geelong,,
70,Ian,Callinan,37,,Adelaide,,
71,Jeremy,Cameron,18,,GWS,,
72,Tom,Campbell,45,,Western Bulldogs,,
73,Alipate,Carlile,27,,Port Adelaide,,
74,Jake,Carlisle,22,,Essendon,,
75,Andrew,Carrazzo,44,,Carlton,,
76,Adam,Carter,19,,West Coast,,
77,Levi,Casboult,41,,Carlton,,
78,Domenic,Cassisi,25,,Port Adelaide,,
79,Jonathon,Ceglar,47,,Hawthorn,,
80,Troy,Chaplin,25,,Richmond,,
81,Paul,Chapman,35,,Geelong,,
82,Kyle,Cheney,13,,Hawthorn,,
83,Allen,Christensen,28,,Geelong,,
84,Mitch,Clark,11,,Melbourne,,
85,Zac,Clarke,30,,Fremantle,,
86,Martin,Clarke,9,,Collingwood,,
87,Justin,Clarke,42,,Brisbane,,
88,Mitch,Clisby,50,,Melbourne,,
89,Travis,Cloke,32,,Collingwood,,
90,Sam,Colquhoun,30,,Port Adelaide,,
91,Travis,Colyer,32,,Essendon,,
92,Reece,Conca,30,,Richmond,,
93,Stephen,Coniglio,3,,GWS,,
94,Adam,Cooney,17,,Western Bulldogs,,
95,Ayce,Cordy,49,,Western Bulldogs,,
96,Joel,Corey,11,,Geelong,,
97,Aaron,Cornelius,44,,Brisbane,,
98,Kane,Cornes,18,,Port Adelaide,,
99,Aidan,Corr,35,,GWS,,
100,Trent,Cotchin,9,,Richmond,,
101,Dean,Cox,20,,West Coast,,
102,Stewart,Crameri,12,,Essendon,,
103,Jamie,Cripps,15,,West Coast,,
104,Jack,Crisp,47,,Brisbane,,
105,Daniel,Cross,4,,Western Bulldogs,,
106,Brad,Crouch,2,,Adelaide,,
107,Ryan,Crowley,15,,Fremantle,,
108,Hayden,Crozier,17,,Fremantle,,
109,Harry,Cunningham,7,,Sydney,,
110,Ben,Cunnington,10,,North Melbourne,,
111,Ed,Curnow,35,,Carlton,,
112,Tom,Curren,43,,St Kilda,,
113,Luke,Dahlhaus,6,,Western Bulldogs,,
114,Nick,Dal Santo,26,,St Kilda,,
115,Bradd,Dalziell,18,,West Coast,,
116,Patrick,Dangerfield,32,,Adelaide,,
117,Joe,Daniher,6,,Essendon,,
118,Sam,Darley,13,,GWS,,
119,Jack,Darling,27,,West Coast,,
120,Alwyn,Davey,29,,Essendon,,
121,Aaron,Davey,36,,Melbourne,,
122,Marcus,Davies,31,,Carlton,,
123,Phil,Davis,1,,GWS,,
124,Majak,Daw,38,,North Melbourne,,
125,Chris,Dawes,6,,Melbourne,,
126,Zac,Dawson,3,,Fremantle,,
127,Sam,Day,12,,Gold Coast,,
128,Matthew,de Boer,9,,Fremantle,,
129,Matt,Dea,7,,Richmond,,
130,Cameron,Delaney,31,,North Melbourne,,
131,Luke,Delaney,15,,North Melbourne,,
132,Brett,Deledio,3,,Richmond,,
133,Cory,DellOlio,47,,Essendon,,
134,Courtenay,Dempsey,15,,Essendon,,
135,Sean,Dempster,24,,St Kilda,,
136,Trent,Dennis-Lane,8,,St Kilda,,
137,Tory,Dickson,29,,Western Bulldogs,,
138,Alan,Didak,4,,Collingwood,,
139,Charlie,Dixon,23,,Gold Coast,,
140,Sam,Docherty,1,,Brisbane,,
141,Richard,Douglas,26,,Adelaide,,
142,Paul,Duffield,41,,Fremantle,,
143,Nick,Duigan,34,,Carlton,,
144,Mitch,Duncan,22,,Geelong,,
145,Sam,Dunell,38,,St Kilda,,
146,Lynden,Dunn,14,,Melbourne,,
147,Taylor,Duryea,41,,Hawthorn,,
148,Sam,Dwyer,41,,Collingwood,,
149,Brad,Ebert,7,,Port Adelaide,,
150,Shane,Edwards,10,,Richmond,,
151,Aaron,Edwards,27,,Richmond,,
152,Shaun,Edwards,22,,GWS,,
153,David,Ellard,46,,Carlton,,
154,Jamie,Elliott,19,,Collingwood,,
155,Brandon,Ellis,5,,Richmond,,
156,Xavier,Ellis,8,,Hawthorn,,
157,Andrew,Embley,32,,West Coast,,
158,Corey,Enright,44,,Geelong,,
159,Michael,Evans,32,,Melbourne,,
160,Andrejs,Everitt,13,,Sydney,,
161,Alex,Fasolo,1,,Collingwood,,
162,Jackson,Ferguson,45,,St Kilda,,
163,Michael,Firrito,11,,North Melbourne,,
164,Sam,Fisher,25,,St Kilda,,
165,Jack,Fitzpatrick,48,,Melbourne,,
166,Dustin,Fletcher,31,,Essendon,,
167,Nathan,Foley,41,,Richmond,,
168,Lance,Franklin,23,,Hawthorn,,
169,James,Frawley,8,,Melbourne,,
170,Sam,Frost,48,,GWS,,
171,Jack,Frost,45,,Collingwood,,
172,Nathan,Fyfe,7,,Fremantle,,
173,Andrew,Gaff,3,,West Coast,,
174,Colin,Garland,20,,Melbourne,,
175,Jeff,Garlett,38,,Carlton,,
176,Max,Gawn,37,,Melbourne,,
177,Jarryn,Geary,14,,St Kilda,,
178,Daniel,Giansiracusa,13,,Western Bulldogs,,
179,Bryce,Gibbs,4,,Carlton,,
180,Sam,Gibson,43,,North Melbourne,,
181,Josh,Gibson,6,,Hawthorn,,
182,Sam,Gilbert,19,,St Kilda,,
183,Jonathan,Giles,26,,GWS,,
184,Stephen,Gilham,38,,GWS,,
185,Jacob,Gillbee,13,,Gold Coast,,
186,Tom,Gillies,27,,Melbourne,,
187,Darren,Glass,23,,West Coast,,
188,Brendon,Goddard,9,,Essendon,,
189,Mitch,Golby,41,,Brisbane,,
190,Tim,Golds,15,,GWS,,
191,Tyson,Goldsack,6,,Collingwood,,
192,Todd,Goldstein,22,,North Melbourne,,
193,Adam,Goodes,37,,Sydney,,
194,Brett,Goodes,44,,Western Bulldogs,,
195,Daniel,Gorringe,15,,Gold Coast,,
196,Jarrad,Grant,1,,Western Bulldogs,,
197,Robbie,Gray,9,,Port Adelaide,,
198,Josh,Green,6,,Brisbane,,
199,Toby,Greene,4,,GWS,,
200,Levi,Greenwood,24,,North Melbourne,,
201,Ryan,Griffen,16,,Western Bulldogs,,
202,Jonathon,Griffin,12,,Fremantle,,
203,Ben,Griffiths,24,,Richmond,,
204,Shaun,Grigg,6,,Richmond,,
205,Mitch,Grigg,38,,Adelaide,,
206,Nathan,Grima,17,,North Melbourne,,
207,Jack,Grimes,31,,Melbourne,,
208,Dylan,Grimes,2,,Richmond,,
209,Sam,Grimley,35,,Hawthorn,,
210,Heath,Grundy,39,,Sydney,,
211,Brodie,Grundy,35,,Collingwood,,
212,Brent,Guerra,18,,Hawthorn,,
213,Scott,Gumbleton,3,,Essendon,,
214,Jack,Gunston,19,,Hawthorn,,
215,Cameron,Guthrie,29,,Geelong,,
216,James,Gwilt,33,,St Kilda,,
217,David,Hale,20,,Hawthorn,,
218,Aaron,Hall,33,,Gold Coast,,
219,Josh,Hall,46,,Gold Coast,,
220,Shaun,Hampson,22,,Carlton,,
221,Curtly,Hampton,2,,GWS,,
222,Ashton,Hams,43,,West Coast,,
223,Will,Hams,41,,Essendon,,
224,Pearce,Hanley,11,,Brisbane,,
225,Jack,Hannath,38,,Fremantle,,
226,Dan,Hannebery,4,,Sydney,,
227,Lachlan,Hansen,6,,North Melbourne,,
228,Jarrod,Harbrow,5,,Gold Coast,,
229,Kyle,Hardingham,34,,Essendon,,
230,Kieran,Harper,23,,North Melbourne,,
231,Kyle,Hartigan,41,,Adelaide,,
232,Hamish,Hartlett,8,,Port Adelaide,,
233,Brent,Harvey,29,,North Melbourne,,
234,Ryan,Harwood,2,,Brisbane,,
235,Tom,Hawkins,26,,Geelong,,
236,Lenny,Hayes,7,,St Kilda,,
237,Nick,Haynes,19,,GWS,,
238,Campbell,Heath,3,,Port Adelaide,,
239,Brad,Helbig,32,,Richmond,,
240,Lachlan,Henderson,23,,Carlton,,
241,Ricky,Henderson,45,,Adelaide,,
242,Dyson,Heppell,21,,Essendon,,
243,Michael,Hibberd,1,,Essendon,,
244,Tom,Hickey,1,,St Kilda,,
245,Shaun,Higgins,7,,Western Bulldogs,,
246,Josh,Hill,33,,West Coast,,
247,Bradley,Hill,10,,Hawthorn,,
248,Stephen,Hill,32,,Fremantle,,
249,David,Hille,19,,Essendon,,
250,Taylor,Hine,26,,North Melbourne,,
251,Cameron,Hitchcock,2,,Port Adelaide,,
252,Heath,Hocking,39,,Essendon,,
253,Luke,Hodge,15,,Hawthorn,,
254,Jack,Hombsch,36,,Port Adelaide,,
255,Cale,Hooker,26,,Essendon,,
256,George,Horlin-Smith,33,,Geelong,,
257,Kyal,Horsley,42,,Gold Coast,,
258,Will,Hoskin-Elliott,33,,GWS,,
259,Bachar,Houli,14,,Richmond,,
260,Christian,Howard,30,,Western Bulldogs,,
261,Jeremy,Howe,38,,Melbourne,,
262,Ben,Howlett,40,,Essendon,,
263,Nathan,Hrovat,24,,Western Bulldogs,,
264,Ben,Hudson,25,,Collingwood,,
265,Taylor,Hunt,19,,Geelong,,
266,Josh,Hunt,8,,Geelong,,
267,Karmichael,Hunt,7,,Gold Coast,,
268,Lachie,Hunter,26,,Western Bulldogs,,
269,Michael,Hurley,18,,Essendon,,
270,Shannon,Hurn,25,,West Coast,,
271,Mark,Hutchings,34,,West Coast,,
272,Jack,Hutchins,34,,Gold Coast,,
273,Garrick,Ibbotson,5,,Fremantle,,
274,Kieren,Jack,15,,Sydney,,
275,Brandon,Jack,33,,Sydney,,
276,Daniel,Jackson,23,,Richmond,,
277,Sam,Jacobs,24,,Adelaide,,
278,Ben,Jacobs,5,,North Melbourne,,
279,Matthew,Jaensch,10,,Adelaide,,
280,Mark,Jamar,40,,Melbourne,,
281,Michael,Jamison,40,,Carlton,,
282,Josh,Jenkins,4,,Adelaide,,
283,Lewis,Jetta,32,,Sydney,,
284,Leroy,Jetta,7,,Essendon,,
285,Neville,Jetta,39,,Melbourne,,
286,Jason,Johannisen,39,,Western Bulldogs,,
287,Graham,Johncock,18,,Adelaide,,
288,Steve,Johnson,20,,Geelong,,
289,Michael,Johnson,37,,Fremantle,,
290,Ben,Johnson,26,,Collingwood,,
291,Lewis,Johnston,8,,Adelaide,,
292,Darren,Jolly,18,,Collingwood,,
293,Tom,Jonas,42,,Port Adelaide,,
294,Liam,Jones,19,,Western Bulldogs,,
295,Nathan,Jones,2,,Melbourne,,
296,Clinton,Jones,4,,St Kilda,,
297,Matt,Jones,45,,Melbourne,,
298,Aaron,Joseph,45,,Carlton,,
299,Chris,Judd,5,,Carlton,,
300,Patrick,Karnezis,28,,Brisbane,,
301,Elliott,Kavanagh,28,,Essendon,,
302,Lachlan,Keeffe,23,,Collingwood,,
303,James,Kelly,9,,Geelong,,
304,Josh,Kennedy,17,,West Coast,,
305,Josh,Kennedy,12,,Sydney,,
306,Ben,Kennedy,27,,Collingwood,,
307,Adam,Kennedy,40,,GWS,,
308,Dean,Kent,34,,Melbourne,,
309,Daniel,Kerr,4,,West Coast,,
310,Sam,Kerridge,29,,Adelaide,,
311,Jake,King,28,,Richmond,,
312,Chris,Knights,15,,Richmond,,
313,Nick,Kommer,38,,Essendon,,
314,Justin,Koschitzke,23,,St Kilda,,
315,Andrew,Krakouer,7,,Collingwood,,
316,Matthew,Kreuzer,8,,Carlton,,
317,Jeremy,Laidler,15,,Carlton,,
318,Rory,Laird,46,,Adelaide,,
319,Brian,Lake,17,,Hawthorn,,
320,Jed,Lamb,11,,Sydney,,
321,Will,Langford,29,,Hawthorn,,
322,Mark,LeCras,2,,West Coast,,
323,Tom,Lee,9,,St Kilda,,
324,Ryan,Lester,35,,Brisbane,,
325,Matthew,Leuenberger,23,,Brisbane,,
326,Jordan,Lewis,3,,Hawthorn,,
327,Tom,Liberatore,21,,Western Bulldogs,,
328,Jordan,Lisle,19,,Brisbane,,
329,Matthew,Lobbe,23,,Port Adelaide,,
330,Tom,Logan,44,,Port Adelaide,,
331,Tom,Lonergan,13,,Geelong,,
332,Jesse,Lonergan,37,,Gold Coast,,
333,Sam,Lonergan,22,,Richmond,,
334,Billy,Longer,5,,Brisbane,,
335,Nathan,Lovett-Murray,42,,Essendon,,
336,Nick,Lower,33,,Western Bulldogs,,
337,Kane,Lucas,9,,Carlton,,
338,Scott,Lycett,29,,West Coast,,
339,Tom,Lynch,27,,Adelaide,,
340,Tom,Lynch,19,,Gold Coast,,
341,Quinten,Lynch,21,,Collingwood,,
342,Jarryd,Lyons,31,,Adelaide,,
343,Brent,Macaffer,3,,Collingwood,,
344,Joel,Macdonald,28,,Melbourne,,
345,David,Mackay,14,,Adelaide,,
346,Eric,Mackenzie,16,,West Coast,,
347,Andrew,Mackie,4,,Geelong,,
348,Jamie,Macmillan,34,,North Melbourne,,
349,Jack,Macrae,11,,Western Bulldogs,,
350,James,Magner,22,,Melbourne,,
351,Matt,Maguire,36,,Brisbane,,
352,Beau,Maister,37,,St Kilda,,
353,Nick,Malceski,9,,Sydney,,
354,Ivan,Maric,20,,Richmond,,
355,Lukas,Markovic,37,,Western Bulldogs,,
356,Dustin,Martin,4,,Richmond,,
357,Kyle,Martin,37,,Collingwood,,
358,Stefan,Martin,12,,Brisbane,,
359,Brodie,Martin,36,,Adelaide,,
360,Chris,Masten,7,,West Coast,,
361,Brandon,Matera,32,,Gold Coast,,
362,Martin,Mattner,29,,Sydney,,
363,Nick,Maxwell,5,,Collingwood,,
364,Steven,May,17,,Gold Coast,,
365,Sam,Mayes,32,,Brisbane,,
366,Chris,Mayne,23,,Fremantle,,
367,Tom,McDonald,25,,Melbourne,,
368,Ben,McEvoy,5,,St Kilda,,
369,Patrick,McGinnity,35,,West Coast,,
370,Ben,McGlynn,21,,Sydney,,
371,Ashley,McGrath,9,,Brisbane,,
372,Luke,McGuane,16,,Richmond,,
373,Andrew,McInnes,26,,Carlton,,
374,Niall,McKeever,40,,Brisbane,,
375,Trent,McKenzie,18,,Gold Coast,,
376,Jordie,McKenzie,13,,Melbourne,,
377,Brad,McKenzie,2,,North Melbourne,,
378,Shaun,McKernan,35,,Adelaide,,
379,Brock,McLean,14,,Carlton,,
380,Scott,McMahon,42,,North Melbourne,,
381,Luke,McPharlin,18,,Fremantle,,
382,Jarrad,McVeigh,3,,Sydney,,
383,Jake,Melksham,17,,Essendon,,
384,Troy,Menzel,2,,Carlton,,
385,Daniel,Merrett,21,,Brisbane,,
386,Jackson,Merrett,20,,Essendon,,
387,Sam,Michael,46,,Brisbane,,
388,Viv,Michie,20,,Fremantle,,
389,Terry,Milera,32,,St Kilda,,
390,Anthony,Miles,25,,GWS,,
391,Stephen,Milne,44,,St Kilda,,
392,Will,Minson,27,,Western Bulldogs,,
393,Tom,Mitchell,6,,Sydney,,
394,Kane,Mitchell,37,,Port Adelaide,,
395,Sam,Mitchell,5,,Hawthorn,,
396,Tim,Mohr,39,,GWS,,
397,Brent,Moloney,3,,Brisbane,,
398,Angus,Monfries,6,,Port Adelaide,,
399,Leigh,Montagna,11,,St Kilda,,
400,Caolan,Mooney,48,,Collingwood,,
401,Andrew,Moore,26,,Port Adelaide,,
402,Steven,Morris,38,,Richmond,,
403,Dale,Morris,38,,Western Bulldogs,,
404,Mitch,Morton,10,,Sydney,,
405,Cale,Morton,40,,West Coast,,
406,Steven,Motlop,32,,Geelong,,
407,Aaron,Mullett,41,,North Melbourne,,
408,Shane,Mumford,41,,Sydney,,
409,David,Mundy,16,,Fremantle,,
410,Jordan,Murdoch,21,,Geelong,,
411,Brodie,Murdoch,30,,St Kilda,,
412,Marc,Murphy,3,,Carlton,,
413,Robert,Murphy,2,,Western Bulldogs,,
414,Tom,Murphy,29,,Gold Coast,,
415,David,Myers,23,,Essendon,,
416,Tendai,Mzungu,13,,Fremantle,,
417,Robin,Nahas,26,,Richmond,,
418,Nic,Naitanui,9,,West Coast,,
419,Jake,Neade,32,,Port Adelaide,,
420,Lachie,Neale,27,,Fremantle,,
421,Chris,Newman,1,,Richmond,,
422,Jack,Newnes,16,,St Kilda,,
423,Tom,Nicholls,22,,Gold Coast,,
424,Daniel,Nicholson,26,,Melbourne,,
425,Harry,OBrien,8,,Collingwood,,
426,Jesse,OBrien,34,,Brisbane,,
427,Nick,OBrien,10,,Essendon,,
428,Setanta,OhAilpin,37,,GWS,,
429,Ryan,OKeefe,5,,Sydney,,
430,Jaeger,OMeara,1,,Gold Coast,,
431,Jonathan,ORourke,24,,GWS,,
432,Michael,Osborne,7,,Hawthorn,,
433,Cameron,OShea,13,,Port Adelaide,,
434,Andy,Otten,22,,Adelaide,,
435,Adam,Oxley,43,,Collingwood,,
436,Rhys,Palmer,7,,GWS,,
437,Marco,Paparone,22,,Brisbane,,
438,Luke,Parker,26,,Sydney,,
439,Joel,Patfull,24,,Brisbane,,
440,Liam,Patrick,43,,Gold Coast,,
441,Jonathon,Patton,12,,GWS,,
442,Matthew,Pavlich,29,,Fremantle,,
443,Danyle,Pearce,6,,Fremantle,,
444,Clancee,Pearce,46,,Fremantle,,
445,Tayte,Pears,16,,Essendon,,
446,Cameron,Pedersen,21,,Melbourne,,
447,Scott,Pendlebury,10,,Collingwood,,
448,Jared,Petrenko,23,,Adelaide,,
449,Drew,Petrie,20,,North Melbourne,,
450,Ricky,Petterd,13,,Richmond,,
451,Liam,Picken,42,,Western Bulldogs,,
452,Jasper,Pittard,29,,Port Adelaide,,
453,Lachlan,Plowman,30,,GWS,,
454,James,Podsiadly,31,,Geelong,,
455,Jared,Polec,4,,Brisbane,,
456,James,Polkinghorne,31,,Brisbane,,
457,Jason,Porplyzia,40,,Adelaide,,
458,Dion,Prestia,10,,Gold Coast,,
459,Matt,Priddis,11,,West Coast,,
460,Paul,Puopolo,28,,Hawthorn,,
461,Mike,Pyke,38,,Sydney,,
462,Andrew,Raines,29,,Brisbane,,
463,Dane,Rampe,43,,Sydney,,
464,Alex,Rance,18,,Richmond,,
465,Farren,Ray,22,,St Kilda,,
466,Jack,Redden,30,,Brisbane,,
467,Jarrad,Redden,34,,Port Adelaide,,
468,Ben,Reid,20,,Collingwood,,
469,Sam,Reid,20,,Sydney,,
470,Sam,Reid,23,,GWS,,
471,Brent,Reilly,3,,Adelaide,,
472,Brent,Renouf,4,,Port Adelaide,,
473,Daniel,Rich,10,,Brisbane,,
474,Ted,Richards,25,,Sydney,,
475,Xavier,Richards,42,,Sydney,,
476,Jack,Riewoldt,8,,Richmond,,
477,Nick,Riewoldt,12,,St Kilda,,
478,Aidan,Riley,43,,Adelaide,,
479,Cyril,Rioli,33,,Hawthorn,,
480,Michael,Rischitelli,35,,Gold Coast,,
481,Jared,Rivers,25,,Geelong,,
482,Dylan,Roberton,17,,St Kilda,,
483,Lewis,Roberts-Thomson,30,,Sydney,,
484,Mitch,Robinson,12,,Carlton,,
485,Tom,Rockliff,38,,Brisbane,,
486,David,Rodan,15,,Melbourne,,
487,Matt,Rosa,24,,West Coast,,
488,Sebastian,Ross,6,,St Kilda,,
489,Jarryd,Roughead,2,,Hawthorn,,
490,Jordan,Roughead,23,,Western Bulldogs,,
491,Sam,Rowe,17,,Carlton,,
492,Luke,Russell,8,,Gold Coast,,
493,Jordan,Russell,2,,Collingwood,,
494,Ben,Rutten,25,,Adelaide,,
495,Patrick,Ryder,30,,Essendon,,
496,Ahmed,Saad,21,,St Kilda,,
497,Aaron,Sandilands,31,,Fremantle,,
498,Josh,Saunders,35,,St Kilda,,
499,Shane,Savage,21,,Hawthorn,,
500,Adam,Schneider,13,,St Kilda,,
501,Ryan,Schoenmakers,25,,Hawthorn,,
502,Will,Schofield,31,,West Coast,,
503,Jordan,Schroder,15,,Geelong,,
504,Jay,Schulz,28,,Port Adelaide,,
505,Heath,Scotland,29,,Carlton,,
506,Tom,Scully,9,,GWS,,
507,Paul,Seedsman,40,,Collingwood,,
508,James,Sellar,30,,Melbourne,,
509,Joel,Selwood,14,,Geelong,,
510,Scott,Selwood,10,,West Coast,,
511,Adam,Selwood,37,,West Coast,,
512,Brad,Sewell,12,,Hawthorn,,
513,Alex,Sexton,6,,Gold Coast,,
514,Matt,Shaw,26,,Gold Coast,,
515,Heath,Shaw,39,,Collingwood,,
516,Rhyce,Shaw,2,,Sydney,,
517,Brad,Sheppard,5,,West Coast,,
518,Tom,Sheridan,11,,Fremantle,,
519,Dylan,Shiel,5,,GWS,,
520,Liam,Shiels,26,,Hawthorn,,
521,Luke,Shuey,13,,West Coast,,
522,Steele,Sidebottom,22,,Collingwood,,
523,Will,Sierakowski,28,,North Melbourne,,
524,Alex,Silvagni,36,,Fremantle,,
525,Jonathan,Simpkin,32,,Hawthorn,,
526,Tom,Simpkin,31,,St Kilda,,
527,Kade,Simpson,6,,Carlton,,
528,Dawson,Simpson,16,,Geelong,,
529,Callum,Sinclair,22,,West Coast,,
530,Ben,Sinclair,28,,Collingwood,,
531,Arryn,Siposs,2,,St Kilda,,
532,Rory,Sloane,9,,Adelaide,,
533,Billie,Smedts,2,,Geelong,,
534,Devon,Smith,10,,GWS,,
535,Isaac,Smith,16,,Hawthorn,,
536,Clay,Smith,14,,Western Bulldogs,,
537,Zac,Smith,2,,Gold Coast,,
538,Brodie,Smith,33,,Adelaide,,
539,Nick,Smith,40,,Sydney,,
540,Ashley,Smith,28,,West Coast,,
541,Tanner,Smith,22,,Fremantle,,
542,Matthew,Spangher,27,,Hawthorn,,
543,Jake,Spencer,42,,Melbourne,,
544,Lee,Spurr,34,,Fremantle,,
545,Brent,Staker,14,,Brisbane,,
546,Rhys,Stanley,28,,St Kilda,,
547,Danny,Stanley,25,,Gold Coast,,
548,Brent,Stanton,5,,Essendon,,
549,Orren,Stephenson,37,,Richmond,,
550,Jack,Steven,3,,St Kilda,,
551,Koby,Stevens,25,,Western Bulldogs,,
552,Lewis,Stevenson,15,,Port Adelaide,,
553,Paul,Stewart,14,,Port Adelaide,,
554,Daniel,Stewart,43,,Port Adelaide,,
555,Mathew,Stokes,27,,Geelong,,
556,Ben,Stratton,24,,Hawthorn,,
557,James,Strauss,19,,Melbourne,,
558,Jake,Stringer,9,,Western Bulldogs,,
559,Jesse,Stringer,41,,Geelong,,
560,Nick,Suban,8,,Fremantle,,
561,Liam,Sumner,28,,GWS,,
562,Timmy,Sumner,39,,Gold Coast,,
563,Cameron,Sutcliffe,33,,Fremantle,,
564,Andrew,Swallow,9,,North Melbourne,,
565,David,Swallow,24,,Gold Coast,,
566,Dane,Swan,36,,Collingwood,,
567,Colin,Sylvia,12,,Melbourne,,
568,Matthew,Taberner,42,,Fremantle,,
569,Daniel,Talia,12,,Adelaide,,
570,Michael,Talia,32,,Western Bulldogs,,
571,Richard,Tambling,1,,Adelaide,,
572,Seb,Tape,48,,Gold Coast,,
573,Luke,Tapscott,35,,Melbourne,,
574,Robbie,Tarrant,25,,North Melbourne,,
575,Harry,Taylor,7,,Geelong,,
576,Dean,Terlich,46,,Melbourne,,
577,Lindsay,Thomas,12,,North Melbourne,,
578,Josh,Thomas,24,,Collingwood,,
579,Matt,Thomas,21,,Port Adelaide,,
580,Dale,Thomas,13,,Collingwood,,
581,Scott,Thompson,5,,Adelaide,,
582,Rory,Thompson,16,,Gold Coast,,
583,Scott,Thompson,16,,North Melbourne,,
584,Bret,Thornton,46,,GWS,,
585,Jackson,Thurlow,40,,Geelong,,
586,Kurt,Tippett,8,,Sydney,,
587,Adam,Tomlinson,20,,GWS,,
588,Alan,Toovey,34,,Collingwood,,
589,Jimmy,Toumpas,5,,Melbourne,,
590,Jacob,Townsend,31,,GWS,,
591,Adam,Treloar,17,,GWS,,
592,Jack,Trengove,9,,Melbourne,,
593,Jackson,Trengove,12,,Port Adelaide,,
594,Shane,Tuck,21,,Richmond,,
595,Simon,Tunbridge,46,,West Coast,,
596,Zach,Tuohy,42,,Carlton,,
597,Jason,Tutt,15,,Western Bulldogs,,
598,Dom,Tyson,29,,GWS,,
599,Gerald,Ugle,32,,GWS,,
600,Nathan,van Berlo,7,,Adelaide,,
601,Travis,Varcoe,5,,Geelong,,
602,Nathan,Vardy,30,,Geelong,,
603,Patrick,Veszpremi,8,,Western Bulldogs,,
604,Tyrone,Vickery,29,,Richmond,,
605,Bernie,Vince,17,,Adelaide,,
606,Jack,Viney,7,,Melbourne,,
607,Nick,Vlastuin,31,,Richmond,,
608,Jarrad,Waite,30,,Carlton,,
609,Taylor,Walker,13,,Adelaide,,
610,Andrew,Walker,1,,Carlton,,
611,Mitch,Wallis,3,,Western Bulldogs,,
612,Tommy,Walsh,17,,Sydney,,
613,Michael,Walters,10,,Fremantle,,
614,Callan,Ward,8,,GWS,,
615,Robert,Warnock,11,,Carlton,,
616,Matthew,Warnock,14,,Gold Coast,,
617,Beau,Waters,8,,West Coast,,
618,Jobe,Watson,4,,Essendon,,
619,Matthew,Watson,10,,Carlton,,
620,Jack,Watts,4,,Melbourne,,
621,Jimmy,Webster,29,,St Kilda,,
622,Maverick,Weller,4,,Gold Coast,,
623,Sharrod,Wellingham,12,,West Coast,,
624,Daniel,Wells,8,,North Melbourne,,
625,Trent,West,12,,Geelong,,
626,Justin,Westhoff,39,,Port Adelaide,,
627,Mark,Whiley,42,,GWS,,
628,Jesse,White,18,,Sydney,,
629,Matt,White,35,,Richmond,,
630,Simon,White,43,,Carlton,,
631,Brendan,Whitecross,11,,Hawthorn,,
632,Lachie,Whitfield,6,,GWS,,
633,Joel,Wilkinson,38,,Gold Coast,,
634,Marley,Williams,46,,Collingwood,,
635,Tom,Williams,12,,Western Bulldogs,,
636,Zac,Williams,51,,GWS,,
637,Blayne,Wilson,30,,West Coast,,
638,Nathan,Wilson,16,,GWS,,
639,Jason,Winderlich,8,,Essendon,,
640,Ollie,Wines,16,,Port Adelaide,,
641,Chad,Wingard,20,,Port Adelaide,,
642,Jarrod,Witts,15,,Collingwood,,
643,Easton,Wood,10,,Western Bulldogs,,
644,Matthew,Wright,11,,Adelaide,,
645,Sam,Wright,19,,North Melbourne,,
646,Nathan,Wright,34,,St Kilda,,
647,Chris,Yarran,13,,Carlton,,
648,Elliot,Yeo,26,,Brisbane,,
649,Tom,Young,31,,Western Bulldogs,,
650,Clinton,Young,14,,Collingwood,,
651,David,Zaharakis,11,,Essendon,,
652,Jack,Ziebell,7,,North Melbourne,,
653,Dayne,Zorko,15,,Brisbane,,
